"Task_Member_External_ID__c","Contacts__c","X1_CLUB_Task__c"
"1","18692","460"
"2","3173","24"
"3","2965","2"
"4","1338","14"
"5","3093","23"
"6","3956","173"
"7","17365","477"
"8","2959","17"
"9","19510","196"
"10","3047","15"
"11","2891","16"
"12","3058","15"
"13","3441","28"
"14","3107","22"
"15","3420","28"
"16","2902","6"
"17","7268","175"
"18","3639","15"
"19","15685","476"
"20","3545","14"
"21","18702","460"
"22","11830","282"
"23","11460","365"
"24","3931","36"
"25","19510","291"
"26","19892","319"
"27","13154","288"
"28","2118","35"
"29","3170","15"
"30","3772","3"
"31","3398","28"
"32","2828","32"
"33","2710","32"
"34","3843","29"
"35","3867","31"
"36","3832","31"
"37","3170","41"
"38","3170","43"
"39","2913","7"
"40","5410","169"
"41","3991","36"
"42","18691","460"
"43","3559","49"
"44","4604","37"
"45","7944","466"
"46","2118","28"
"47","19519","371"
"48","4786","53"
"49","19928","473"
"50","4701","60"
"51","20041","511"
"52","4708","59"
"53","4698","58"
"54","3672","29"
"55","3849","29"
"56","4480","40"
"57","3057","40"
"58","4234","29"
"59","18705","458"
"60","8589","163"
"61","18724","464"
"62","3994","38"
"63","19290","484"
"64","4931","66"
"65","19519","422"
"66","18213","422"
"67","4178","41"
"68","4810","62"
"69","5162","322"
"70","7268","152"
"71","4686","71"
"72","4817","73"
"73","682","19"
"74","7661","145"
"75","18725","181"
"76","2637","77"
"77","2958","17"
"78","2965","9"
"79","18933","446"
"80","19610","493"
"81","8118","504"
"82","5841","88"
"83","6111","81"
"84","2104","91"
"85","6171","105"
"86","5801","91"
"87","5978","94"
"88","5426","67"
"89","5940","93"
"90","4219","94"
"91","18683","460"
"92","5775","101"
"93","3897","74"
"94","6740","110"
"95","6209","99"
"96","19132","458"
"97","6070","108"
"98","5521","96"
"99","6241","111"
"100","5574","81"
"101","6241","81"
"102","7013","113"
"103","5409","84"
"104","7240","122"
"105","7713","216"
"106","5018","109"
"107","5801","123"
"108","6288","100"
"109","11830","465"
"110","19143","446"
"111","7314","118"
"112","9026","140"
"113","7438","52"
"114","7381","126"
"115","2179","107"
"116","2911","95"
"117","7033","114"
"118","7617","134"
"119","7627","144"
"120","7561","146"
"121","5177","127"
"122","7853","153"
"123","7568","135"
"124","8031","162"
"125","17455","269"
"126","9942","191"
"127","19148","479"
"128","9998","189"
"129","7713","139"
"130","2911","194"
"131","8328","170"
"132","7635","135"
"133","8441","174"
"134","8059","163"
"135","19295","486"
"136","19693","498"
"137","20052","383"
"138","10308","211"
"139","2911","210"
"140","10111","207"
"141","9893","219"
"142","1338","231"
"143","17455","198"
"144","9115","221"
"145","18582","365"
"146","11499","221"
"147","11510","221"
"148","9115","213"
"149","19408","489"
"150","798","248"
"151","10422","219"
"152","7488","224"
"153","11895","247"
"154","11750","261"
"155","9893","262"
"156","11830","259"
"157","12435","185"
"158","12306","181"
"159","12214","273"
"160","6241","236"
"161","12841","229"
"162","12254","177"
"163","3181","275"
"164","3181","274"
"165","10392","269"
"166","15648","222"
"167","14181","170"
"168","20059","510"
"169","948","289"
"170","14489","170"
"171","14489","284"
"172","14525","283"
"173","15218","170"
"174","7268","447"
"175","15225","305"
"176","15282","295"
"177","15323","282"
"178","15289","222"
"179","15225","300"
"180","18999","181"
"181","19438","491"
"182","19713","495"
"183","15361","306"
"184","15361","285"
"185","10528","285"
"186","15398","276"
"187","15350","276"
"188","15398","267"
"189","15419","215"
"190","15441","311"
"191","15464","285"
"192","10528","140"
"193","14489","317"
"194","15685","326"
"195","15685","304"
"196","15692","326"
"197","15976","335"
"198","15791","304"
"199","11830","338"
"200","15705","318"
"201","15851","307"
"202","18693","460"
"203","19248","181"
"204","15976","183"
"205","16050","295"
"206","16101","351"
"207","11830","326"
"208","11830","226"
"209","11724","366"
"210","15685","140"
"211","15896","140"
"212","15866","283"
"213","15866","308"
"214","16336","342"
"215","17479","472"
"216","855","319"
"217","17274","433"
"218","6184","269"
"219","17459","337"
"220","17459","437"
"221","19248","310"
"222","12841","299"
"223","15170","365"
"224","7617","334"
"225","19723","493"
"226","16475","370"
"227","15893","377"
"228","20044","510"
"229","16548","416"
"230","16242","342"
"231","15828","339"
"232","6070","422"
"233","12841","406"
"234","12717","421"
"235","4903","369"
"236","16889","406"
"237","15685","429"
"238","17018","254"
"239","16335","383"
"240","15228","337"
"241","2799","381"
"242","17274","382"
"243","17274","380"
"244","17274","406"
"245","17457","169"
"246","17279","406"
"247","17478","436"
"248","673","220"
"249","7381","170"
"250","19248","410"
"251","18667","491"
"252","17478","444"
"253","17372","196"
"254","17288","392"
"255","17581","437"
"256","15228","254"
"257","19713","493"
"258","17764","436"
"259","17764","223"
"260","15228","339"
"261","12841","382"
"262","8786","382"
"263","18007","309"
"264","18076","439"
"265","17478","439"
"266","10308","482"
"267","17241","439"
"268","18102","181"
"269","18103","383"
"270","18994","476"
"271","18213","382"
"272","18301","450"
"273","18456","310"
"274","18504","383"
"275","18525","383"
"276","18532","460"
"277","18542","460"
"278","18554","460"
"279","18578","460"
"280","18582","460"
"281","18534","445"
"282","18585","460"
"283","18612","446"
"284","18654","460"
"285","11830","460"
"286","18667","460"
"287","18666","460"
"288","18681","460"
"289","18684","383"
"290","18692","463"
