"ID","ISDELETED","NAME","CREATEDDATE","CREATEDBYID","LASTMODIFIEDDATE","LASTMODIFIEDBYID","SYSTEMMODSTAMP","X1_CLUB_TASK__C","CONTACTS__C","TASK_MEMBER_EXTERNAL_ID__C","TASKCREATEDDATE__C","TASKDATEREALIZED__C","EFFORT_IN_HOURS_FOR_MEMBER__C"
"a03J00000012SWoIAM","false","CT-0000501","2013-07-08T15:14:50.000Z","005J00000018K40IAE","2013-07-29T12:51:58.000Z","005J00000018K40IAE","2013-07-29T12:51:58.000Z","a02J0000003BIeUIAW","003J000000gTHxjIAG","61","2013-02-18","",""
"a03J00000012SW1IAM","false","CT-0000483","2013-07-08T15:14:29.000Z","005J00000018K40IAE","2013-07-29T12:51:58.000Z","005J00000018K40IAE","2013-07-29T12:51:58.000Z","a02J0000003BIeWIAW","003J000000gTEK4IAO","43","2010-03-10","",""
"a03J00000012SX3IAM","false","CT-0000507","2013-07-08T15:14:59.000Z","005J00000018K40IAE","2013-07-29T12:51:58.000Z","005J00000018K40IAE","2013-07-29T12:51:58.000Z","a02J0000003BIeXIAW","003J000000gTE7zIAG","67","2010-02-05","",""
"a03J00000012SVgIAM","false","CT-0000477","2013-07-08T15:14:24.000Z","005J00000018K40IAE","2013-07-29T12:51:58.000Z","005J00000018K40IAE","2013-07-29T12:51:58.000Z","a02J0000003BIeXIAW","003J000000gTHUmIAO","37","2010-02-05","",""
"a03J00000012SUWIA2","false","CT-0000660","2013-07-08T15:18:05.000Z","005J00000018K40IAE","2013-07-29T12:51:59.000Z","005J00000018K40IAE","2013-07-29T12:51:59.000Z","a02J0000003BIf8IAG","003J000000gTIkRIAW","220","2012-10-23","",""
"a03J00000012SdBIAU","false","CT-0000695","2013-07-08T15:18:48.000Z","005J00000018K40IAE","2013-07-29T12:51:59.000Z","005J00000018K40IAE","2013-07-29T12:51:59.000Z","a02J0000003BIf8IAG","003J000000gTIdYIAW","255","2012-10-23","",""
"a03J00000012SdaIAE","false","CT-0000704","2013-07-08T15:18:56.000Z","005J00000018K40IAE","2013-07-29T12:51:59.000Z","005J00000018K40IAE","2013-07-29T12:51:59.000Z","a02J0000003BIcoIAG","003J000000gTIpOIAW","264","2012-10-25","",""
"a03J00000012ScnIAE","false","CT-0000705","2013-07-08T15:18:57.000Z","005J00000018K40IAE","2013-07-29T12:51:59.000Z","005J00000018K40IAE","2013-07-29T12:51:59.000Z","a02J0000003BIcoIAG","003J000000gTIhVIAW","265","2012-10-25","",""
"a03J00000012SbhIAE","false","CT-0000707","2013-07-08T15:18:59.000Z","005J00000018K40IAE","2013-07-29T12:51:59.000Z","005J00000018K40IAE","2013-07-29T12:51:59.000Z","a02J0000003BIcoIAG","003J000000gTIgvIAG","267","2012-10-25","",""
"a03J00000012SdQIAU","false","CT-0000698","2013-07-08T15:18:51.000Z","005J00000018K40IAE","2013-07-29T12:51:59.000Z","005J00000018K40IAE","2013-07-29T12:51:59.000Z","a02J0000003BIdXIAW","003J000000gTInWIAW","258","2012-10-23","",""
"a03J00000012SaoIAE","false","CT-0000687","2013-07-08T15:18:41.000Z","005J00000018K40IAE","2013-07-29T12:51:59.000Z","005J00000018K40IAE","2013-07-29T12:51:59.000Z","a02J0000003BIdXIAW","003J000000gTIhVIAW","247","2012-10-23","",""
"a03J00000012SanIAE","false","CT-0000686","2013-07-08T15:18:40.000Z","005J00000018K40IAE","2013-07-29T12:51:59.000Z","005J00000018K40IAE","2013-07-29T12:51:59.000Z","a02J0000003BIdYIAW","003J000000gTIg2IAG","246","2012-09-13","",""
"a03J00000012ScYIAU","false","CT-0000676","2013-07-08T15:18:24.000Z","005J00000018K40IAE","2013-07-29T12:51:59.000Z","005J00000018K40IAE","2013-07-29T12:51:59.000Z","a02J0000003BIdYIAW","003J000000gTIa0IAG","236","2012-09-13","",""
"a03J00000012ScdIAE","false","CT-0000673","2013-07-08T15:18:18.000Z","005J00000018K40IAE","2013-07-29T12:51:59.000Z","005J00000018K40IAE","2013-07-29T12:51:59.000Z","a02J0000003BIdYIAW","003J000000gTHn8IAG","233","2012-09-13","",""
"a03J00000012SWqIAM","false","CT-0000684","2013-07-08T15:18:38.000Z","005J00000018K40IAE","2013-07-29T12:51:59.000Z","005J00000018K40IAE","2013-07-29T12:51:59.000Z","a02J0000003BIdYIAW","003J000000gTIgkIAG","244","2012-09-13","",""
"a03J00000012ScmIAE","false","CT-0000671","2013-07-08T15:18:16.000Z","005J00000018K40IAE","2013-07-29T12:51:59.000Z","005J00000018K40IAE","2013-07-29T12:51:59.000Z","a02J0000003BIdaIAG","003J000000gTIMqIAO","231","2012-08-10","",""
"a03J00000012SciIAE","false","CT-0000700","2013-07-08T15:18:53.000Z","005J00000018K40IAE","2013-07-29T12:51:59.000Z","005J00000018K40IAE","2013-07-29T12:51:59.000Z","a02J0000003BIdaIAG","003J000000gTIE2IAO","260","2012-08-10","",""
"a03J00000012SVrIAM","false","CT-0000615","2013-07-08T15:17:14.000Z","005J00000018K40IAE","2013-07-29T12:51:58.000Z","005J00000018K40IAE","2013-07-29T12:51:58.000Z","a02J0000003BIi2IAG","003J000000gTIBjIAO","175","2012-06-23","",""
"a03J00000012Sa7IAE","false","CT-0000589","2013-07-08T15:16:38.000Z","005J00000018K40IAE","2013-07-29T12:51:58.000Z","005J00000018K40IAE","2013-07-29T12:51:58.000Z","a02J0000003BIdSIAW","003J000000gTI4eIAG","149","2013-04-21","",""
"a03J00000012SZTIA2","false","CT-0000566","2013-07-08T15:16:12.000Z","005J00000018K40IAE","2013-07-29T12:51:58.000Z","005J00000018K40IAE","2013-07-29T12:51:58.000Z","a02J0000003BIcZIAW","003J000000gTHAyIAO","126","2011-09-05","",""
"a03J00000012SUtIAM","false","CT-0000534","2013-07-08T15:15:34.000Z","005J00000018K40IAE","2013-07-29T12:51:58.000Z","005J00000018K40IAE","2013-07-29T12:51:58.000Z","a02J0000003BIdUIAW","003J000000gTG5hIAG","94","2010-11-13","",""
"a03J00000012SXwIAM","false","CT-0000528","2013-07-08T15:15:24.000Z","005J00000018K40IAE","2013-07-29T12:51:58.000Z","005J00000018K40IAE","2013-07-29T12:51:58.000Z","a02J0000003BIdVIAW","003J000000gTFdtIAG","88","2010-05-19","",""
"a03J00000012Sc4IAE","false","CT-0000658","2013-07-08T15:18:03.000Z","005J00000018K40IAE","2013-07-29T12:51:59.000Z","005J00000018K40IAE","2013-07-29T12:51:59.000Z","a02J0000003BIgvIAG","003J000000gTGsEIAW","218","2012-04-17","",""
"a03J00000012SalIAE","false","CT-0000605","2013-07-08T15:16:59.000Z","005J00000018K40IAE","2013-07-29T12:51:58.000Z","005J00000018K40IAE","2013-07-29T12:51:58.000Z","a02J0000003BIgvIAG","003J000000gTIIHIA4","165","2012-04-17","",""
"a03J00000012SZOIA2","false","CT-0000565","2013-07-08T15:16:11.000Z","005J00000018K40IAE","2013-07-29T12:51:58.000Z","005J00000018K40IAE","2013-07-29T12:51:58.000Z","a02J0000003BIgvIAG","003J000000gTIfVIAW","125","2012-04-17","",""
"a03J00000012SabIAE","false","CT-0000602","2013-07-08T15:16:56.000Z","005J00000018K40IAE","2013-07-29T12:51:58.000Z","005J00000018K40IAE","2013-07-29T12:51:58.000Z","a02J0000003BIgwIAG","003J000000gTHmIIAW","162","2011-05-24","",""
"a03J00000012SXSIA2","false","CT-0000516","2013-07-08T15:15:12.000Z","005J00000018K40IAE","2013-07-29T12:51:58.000Z","005J00000018K40IAE","2013-07-29T12:51:58.000Z","a02J0000003BIgyIAG","003J000000gTElqIAG","76","2010-06-14","",""
"a03J00000012SVOIA2","false","CT-0000512","2013-07-08T15:15:08.000Z","005J00000018K40IAE","2013-07-29T12:51:58.000Z","005J00000018K40IAE","2013-07-29T12:51:58.000Z","a02J0000003BIkDIAW","003J000000gTFNNIA4","72","2010-05-20","",""
"a03J00000012SUyIAM","false","CT-0000593","2013-07-08T15:16:44.000Z","005J00000018K40IAE","2013-07-29T12:51:58.000Z","005J00000018K40IAE","2013-07-29T12:51:58.000Z","a02J0000003BIivIAG","003J000000gTHflIAG","153","2012-01-17","",""
"a03J00000012SYRIA2","false","CT-0000623","2013-07-08T15:17:23.000Z","005J00000018K40IAE","2013-07-29T12:51:58.000Z","005J00000018K40IAE","2013-07-29T12:51:58.000Z","a02J0000003BIhjIAG","003J000000gTIBGIA4","183","2012-07-02","",""
"a03J00000012SZEIA2","false","CT-0000561","2013-07-08T15:16:07.000Z","005J00000018K40IAE","2013-07-29T12:51:58.000Z","005J00000018K40IAE","2013-07-29T12:51:58.000Z","a02J0000003BIirIAG","003J000000gTFVgIAO","121","2011-01-12","",""
"a03J00000012SWgIAM","false","CT-0000499","2013-07-08T15:14:48.000Z","005J00000018K40IAE","2013-07-29T12:51:58.000Z","005J00000018K40IAE","2013-07-29T12:51:58.000Z","a02J0000003BIeeIAG","003J000000gTIQ5IAO","59","2013-01-31","",""
"a03J00000012SXAIA2","false","CT-0000536","2013-07-08T15:15:35.000Z","005J00000018K40IAE","2013-07-29T12:51:58.000Z","005J00000018K40IAE","2013-07-29T12:51:58.000Z","a02J0000003BIeeIAG","003J000000gTHycIAG","96","2013-01-31","",""
"a03J00000012SYSIA2","false","CT-0000683","2013-07-08T15:18:37.000Z","005J00000018K40IAE","2013-07-29T12:51:59.000Z","005J00000018K40IAE","2013-07-29T12:51:59.000Z","a02J0000003BIg7IAG","003J000000gTIgkIAG","243","2012-09-05","",""
"a03J00000012Sa2IAE","false","CT-0000585","2013-07-08T15:16:34.000Z","005J00000018K40IAE","2013-07-29T12:51:58.000Z","005J00000018K40IAE","2013-07-29T12:51:58.000Z","a02J0000003BIelIAG","003J000000gTIGRIA4","145","2012-08-23","",""
"a03J00000012Sb7IAE","false","CT-0000663","2013-07-08T15:18:08.000Z","005J00000018K40IAE","2013-07-29T12:51:59.000Z","005J00000018K40IAE","2013-07-29T12:51:59.000Z","a02J0000003BIelIAG","003J000000gTIF0IAO","223","2012-08-23","",""
"a03J00000012SUsIAM","false","CT-0000463","2013-07-08T15:14:11.000Z","005J00000018K40IAE","2013-07-29T12:51:58.000Z","005J00000018K40IAE","2013-07-29T12:51:58.000Z","a02J0000003BIelIAG","003J000000gTHYAIA4","23","2012-08-23","",""
"a03J00000012ScEIAU","false","CT-0000670","2013-07-08T15:18:15.000Z","005J00000018K40IAE","2013-07-29T12:51:59.000Z","005J00000018K40IAE","2013-07-29T12:51:59.000Z","a02J0000003BIegIAG","003J000000gTISiIAO","230","2012-08-13","",""
"a03J00000012SXoIAM","false","CT-0000654","2013-07-08T15:17:59.000Z","005J00000018K40IAE","2013-07-29T12:51:59.000Z","005J00000018K40IAE","2013-07-29T12:51:59.000Z","a02J0000003BIegIAG","003J000000gTIVQIA4","214","2012-08-13","",""
"a03J00000012SV3IAM","false","CT-0000612","2013-07-08T15:17:11.000Z","005J00000018K40IAE","2013-07-29T12:51:58.000Z","005J00000018K40IAE","2013-07-29T12:51:58.000Z","a02J0000003BIemIAG","003J000000gTI6xIAG","172","2012-05-08","",""
"a03J00000012ScIIAU","false","CT-0000652","2013-07-08T15:17:58.000Z","005J00000018K40IAE","2013-07-29T12:51:59.000Z","005J00000018K40IAE","2013-07-29T12:51:59.000Z","a02J0000003BIemIAG","003J000000gTIMvIAO","212","2012-05-08","",""
"a03J00000012STeIAM","false","CT-0000599","2013-07-08T15:16:53.000Z","005J00000018K40IAE","2013-07-29T12:51:58.000Z","005J00000018K40IAE","2013-07-29T12:51:58.000Z","a02J0000003BIh1IAG","003J000000gTHmRIAW","159","2012-04-25","",""
"a03J00000012SaCIAU","false","CT-0000590","2013-07-08T15:16:41.000Z","005J00000018K40IAE","2013-07-29T12:51:58.000Z","005J00000018K40IAE","2013-07-29T12:51:58.000Z","a02J0000003BIh2IAG","003J000000gTIGyIAO","150","2012-01-17","",""
"a03J00000012STpIAM","false","CT-0000446","2013-07-08T15:13:55.000Z","005J00000018K40IAE","2013-07-29T12:51:58.000Z","005J00000018K40IAE","2013-07-29T12:51:58.000Z","a02J0000003BIenIAG","003J000000gTHGKIA4","6","2011-05-20","",""
"a03J00000012SUVIA2","false","CT-0000613","2013-07-08T15:17:12.000Z","005J00000018K40IAE","2013-07-29T12:51:58.000Z","005J00000018K40IAE","2013-07-29T12:51:58.000Z","a02J0000003BIh3IAG","003J000000gTIEtIAO","173","2011-04-29","",""
"a03J00000012SaqIAE","false","CT-0000607","2013-07-08T15:17:01.000Z","005J00000018K40IAE","2013-07-29T12:51:58.000Z","005J00000018K40IAE","2013-07-29T12:51:58.000Z","a02J0000003BIh3IAG","003J000000gTI5VIAW","167","2011-04-29","",""
"a03J00000012SY8IAM","false","CT-0000571","2013-07-08T15:16:17.000Z","005J00000018K40IAE","2013-07-29T12:51:58.000Z","005J00000018K40IAE","2013-07-29T12:51:58.000Z","a02J0000003BIh3IAG","003J000000gTGh6IAG","131","2011-04-29","",""
"a03J00000012SamIAE","false","CT-0000610","2013-07-08T15:17:07.000Z","005J00000018K40IAE","2013-07-29T12:51:58.000Z","005J00000018K40IAE","2013-07-29T12:51:58.000Z","a02J0000003BIh3IAG","003J000000gTHRIIA4","170","2011-04-29","",""
"a03J00000012SV1IAM","false","CT-0000689","2013-07-08T15:18:43.000Z","005J00000018K40IAE","2013-07-29T12:51:59.000Z","005J00000018K40IAE","2013-07-29T12:51:59.000Z","a02J0000003BIh3IAG","003J000000gTGIdIAO","249","2011-04-29","",""
"a03J00000012SYaIAM","false","CT-0000547","2013-07-08T15:15:54.000Z","005J00000018K40IAE","2013-07-29T12:51:58.000Z","005J00000018K40IAE","2013-07-29T12:51:58.000Z","a02J0000003BIjyIAG","003J000000gTFkWIAW","107","2011-01-04","",""
"a03J00000012SUfIAM","false","CT-0000544","2013-07-08T15:15:46.000Z","005J00000018K40IAE","2013-07-29T12:51:58.000Z","005J00000018K40IAE","2013-07-29T12:51:58.000Z","a02J0000003BIk3IAG","003J000000gTGGkIAO","104","2011-01-01","",""
"a03J00000012SVWIA2","false","CT-0000474","2013-07-08T15:14:21.000Z","005J00000018K40IAE","2013-07-29T12:51:58.000Z","005J00000018K40IAE","2013-07-29T12:51:58.000Z","a02J0000003BIk4IAG","003J000000gTF9TIAW","34","2009-12-16","",""
"a03J00000012SWfIAM","false","CT-0000495","2013-07-08T15:14:44.000Z","005J00000018K40IAE","2013-07-29T12:51:58.000Z","005J00000018K40IAE","2013-07-29T12:51:58.000Z","a02J0000003BIk4IAG","003J000000gTF9aIAG","55","2009-12-16","",""
"a03J00000012SWeIAM","false","CT-0000494","2013-07-08T15:14:43.000Z","005J00000018K40IAE","2013-07-29T12:51:58.000Z","005J00000018K40IAE","2013-07-29T12:51:58.000Z","a02J0000003BIk4IAG","003J000000gTF5mIAG","54","2009-12-16","",""
"a03J00000012SW3IAM","false","CT-0000498","2013-07-08T15:14:47.000Z","005J00000018K40IAE","2013-07-29T12:51:58.000Z","005J00000018K40IAE","2013-07-29T12:51:58.000Z","a02J0000003BIk4IAG","003J000000gTFFTIA4","58","2009-12-16","",""
"a03J00000012SUEIA2","false","CT-0000453","2013-07-08T15:14:02.000Z","005J00000018K40IAE","2013-07-29T12:51:58.000Z","005J00000018K40IAE","2013-07-29T12:51:58.000Z","a02J0000003BIk5IAG","003J000000gTF1hIAG","13","2009-12-10","",""
"a03J00000012SU5IAM","false","CT-0000486","2013-07-08T15:14:32.000Z","005J00000018K40IAE","2013-07-29T12:51:58.000Z","005J00000018K40IAE","2013-07-29T12:51:58.000Z","a02J0000003BIk5IAG","003J000000gTHdpIAG","46","2009-12-10","",""
"a03J00000012SVHIA2","false","CT-0000471","2013-07-08T15:14:18.000Z","005J00000018K40IAE","2013-07-29T12:51:58.000Z","005J00000018K40IAE","2013-07-29T12:51:58.000Z","a02J0000003BIk5IAG","003J000000gTF10IAG","31","2009-12-10","",""
"a03J00000012SUOIA2","false","CT-0000455","2013-07-08T15:14:04.000Z","005J00000018K40IAE","2013-07-29T12:51:58.000Z","005J00000018K40IAE","2013-07-29T12:51:58.000Z","a02J0000003BIk5IAG","003J000000gTEzuIAG","15","2009-12-10","",""
"a03J00000012Sb1IAE","false","CT-0000666","2013-07-08T15:18:10.000Z","005J00000018K40IAE","2013-07-29T12:51:59.000Z","005J00000018K40IAE","2013-07-29T12:51:59.000Z","a02J0000003BIg2IAG","003J000000gTIXgIAO","226","2012-08-25","",""
"a03J00000012SaxIAE","false","CT-0000675","2013-07-08T15:18:23.000Z","005J00000018K40IAE","2013-07-29T12:51:59.000Z","005J00000018K40IAE","2013-07-29T12:51:59.000Z","a02J0000003BIg3IAG","003J000000gTFTYIA4","235","2012-08-24","",""
"a03J00000012SX8IAM","false","CT-0000509","2013-07-08T15:15:01.000Z","005J00000018K40IAE","2013-07-29T12:51:58.000Z","005J00000018K40IAE","2013-07-29T12:51:58.000Z","a02J0000003BIg4IAG","003J000000gTFa0IAG","69","2012-07-18","",""
"a03J00000012SUxIAM","false","CT-0000466","2013-07-08T15:14:14.000Z","005J00000018K40IAE","2013-07-29T12:51:58.000Z","005J00000018K40IAE","2013-07-29T12:51:58.000Z","a02J0000003BIg5IAG","003J000000gTIw9IAG","26","2012-07-16","",""
"a03J00000012ScSIAU","false","CT-0000656","2013-07-08T15:18:01.000Z","005J00000018K40IAE","2013-07-29T12:51:59.000Z","005J00000018K40IAE","2013-07-29T12:51:59.000Z","a02J0000003BIg5IAG","003J000000gTE9eIAG","216","2012-07-16","",""
"a03J00000012SarIAE","false","CT-0000653","2013-07-08T15:17:59.000Z","005J00000018K40IAE","2013-07-29T12:51:59.000Z","005J00000018K40IAE","2013-07-29T12:51:59.000Z","a02J0000003BIhsIAG","003J000000gTIMvIAO","213","2012-07-08","",""
"a03J00000012SWPIA2","false","CT-0000490","2013-07-08T15:14:40.000Z","005J00000018K40IAE","2013-07-29T12:51:58.000Z","005J00000018K40IAE","2013-07-29T12:51:58.000Z","a02J0000003BIkNIAW","003J000000gTFLYIA4","50","2010-04-21","",""
"a03J00000012STbIAM","false","CT-0000451","2013-07-08T15:14:00.000Z","005J00000018K40IAE","2013-07-29T12:51:58.000Z","005J00000018K40IAE","2013-07-29T12:51:58.000Z","a02J0000003BIkOIAW","003J000000gTEohIAG","11","2009-11-11","",""
"a03J00000012SUTIA2","false","CT-0000456","2013-07-08T15:14:04.000Z","005J00000018K40IAE","2013-07-29T12:51:58.000Z","005J00000018K40IAE","2013-07-29T12:51:58.000Z","a02J0000003BIkPIAW","003J000000gTEpnIAG","16","2009-11-09","",""
"a03J00000012STvIAM","false","CT-0000521","2013-07-08T15:15:17.000Z","005J00000018K40IAE","2013-07-29T12:51:58.000Z","005J00000018K40IAE","2013-07-29T12:51:58.000Z","a02J0000003BIcdIAG","003J000000gTHGMIA4","81","2013-06-26","",""
"a03J00000012SXDIA2","false","CT-0000510","2013-07-08T15:15:02.000Z","005J00000018K40IAE","2013-07-29T12:51:58.000Z","005J00000018K40IAE","2013-07-29T12:51:58.000Z","a02J0000003BIceIAG","003J000000gTILKIA4","70","2011-03-18","",""
"a03J00000012SVMIA2","false","CT-0000472","2013-07-08T15:14:19.000Z","005J00000018K40IAE","2013-07-29T12:51:58.000Z","005J00000018K40IAE","2013-07-29T12:51:58.000Z","a02J0000003BIkXIAW","003J000000gTEn1IAG","32","2009-12-18","",""
"a03J00000012SVRIA2","false","CT-0000473","2013-07-08T15:14:20.000Z","005J00000018K40IAE","2013-07-29T12:51:58.000Z","005J00000018K40IAE","2013-07-29T12:51:58.000Z","a02J0000003BIkXIAW","003J000000gTEmuIAG","33","2009-12-18","",""
"a03J00000012SbaIAE","false","CT-0000640","2013-07-08T15:17:45.000Z","005J00000018K40IAE","2013-07-29T12:51:58.000Z","005J00000018K40IAE","2013-07-29T12:51:58.000Z","a02J0000003BIhdIAG","003J000000gTILiIAO","200","2012-07-16","",""
"a03J00000012SbKIAU","false","CT-0000626","2013-07-08T15:17:25.000Z","005J00000018K40IAE","2013-07-29T12:51:58.000Z","005J00000018K40IAE","2013-07-29T12:51:58.000Z","a02J0000003BIheIAG","003J000000gTIGPIA4","186","2012-04-30","",""
"a03J00000012SYrIAM","false","CT-0000627","2013-07-08T15:17:26.000Z","005J00000018K40IAE","2013-07-29T12:51:58.000Z","005J00000018K40IAE","2013-07-29T12:51:58.000Z","a02J0000003BIheIAG","003J000000gTIHUIA4","187","2012-04-30","",""
"a03J00000012SZnIAM","false","CT-0000581","2013-07-08T15:16:30.000Z","005J00000018K40IAE","2013-07-29T12:51:58.000Z","005J00000018K40IAE","2013-07-29T12:51:58.000Z","a02J0000003BIhgIAG","003J000000gTHmPIAW","141","2011-10-23","",""
"a03J00000012SaHIAU","false","CT-0000591","2013-07-08T15:16:42.000Z","005J00000018K40IAE","2013-07-29T12:51:58.000Z","005J00000018K40IAE","2013-07-29T12:51:58.000Z","a02J0000003BIhgIAG","003J000000gTHIIIA4","151","2011-10-23","",""
"a03J00000012SWkIAM","false","CT-0000526","2013-07-08T15:15:22.000Z","005J00000018K40IAE","2013-07-29T12:51:58.000Z","005J00000018K40IAE","2013-07-29T12:51:58.000Z","a02J0000003BIhhIAG","003J000000gTFkWIAW","86","2010-09-07","",""
"a03J00000012SXrIAM","false","CT-0000524","2013-07-08T15:15:19.000Z","005J00000018K40IAE","2013-07-29T12:51:58.000Z","005J00000018K40IAE","2013-07-29T12:51:58.000Z","a02J0000003BIhhIAG","003J000000gTEZfIAO","84","2010-09-07","",""
"a03J00000012SWLIA2","false","CT-0000497","2013-07-08T15:14:46.000Z","005J00000018K40IAE","2013-07-29T12:51:58.000Z","005J00000018K40IAE","2013-07-29T12:51:58.000Z","a02J0000003BIkSIAW","003J000000gTEuKIAW","57","2010-01-31","",""
"a03J00000012SVwIAM","false","CT-0000496","2013-07-08T15:14:45.000Z","005J00000018K40IAE","2013-07-29T12:51:58.000Z","005J00000018K40IAE","2013-07-29T12:51:58.000Z","a02J0000003BIkSIAW","003J000000gTFM3IAO","56","2010-01-31","",""
"a03J00000012SWtIAM","false","CT-0000503","2013-07-08T15:14:52.000Z","005J00000018K40IAE","2013-07-29T12:51:58.000Z","005J00000018K40IAE","2013-07-29T12:51:58.000Z","a02J0000003BIdgIAG","003J000000gTI2DIAW","63","2013-04-02","",""
"a03J00000012SXYIA2","false","CT-0000567","2013-07-08T15:16:13.000Z","005J00000018K40IAE","2013-07-29T12:51:58.000Z","005J00000018K40IAE","2013-07-29T12:51:58.000Z","a02J0000003BIdhIAG","003J000000gTIJOIA4","127","2013-03-19","",""
"a03J00000012STdIAM","false","CT-0000584","2013-07-08T15:16:33.000Z","005J00000018K40IAE","2013-07-29T12:51:58.000Z","005J00000018K40IAE","2013-07-29T12:51:58.000Z","a02J0000003BIjAIAW","003J000000gTGvfIAG","144","2011-10-24","",""
"a03J00000012SZoIAM","false","CT-0000586","2013-07-08T15:16:35.000Z","005J00000018K40IAE","2013-07-29T12:51:58.000Z","005J00000018K40IAE","2013-07-29T12:51:58.000Z","a02J0000003BIjAIAW","003J000000gTHSkIAO","146","2011-10-24","",""
"a03J00000012SYDIA2","false","CT-0000587","2013-07-08T15:16:36.000Z","005J00000018K40IAE","2013-07-29T12:51:58.000Z","005J00000018K40IAE","2013-07-29T12:51:58.000Z","a02J0000003BIjAIAW","003J000000gTHXvIAO","147","2011-10-24","",""
"a03J00000012SZ4IAM","false","CT-0000555","2013-07-08T15:16:02.000Z","005J00000018K40IAE","2013-07-29T12:51:58.000Z","005J00000018K40IAE","2013-07-29T12:51:58.000Z","a02J0000003BIjBIAW","003J000000gTEWdIAO","115","2010-11-08","",""
"a03J00000012SbbIAE","false","CT-0000648","2013-07-08T15:17:53.000Z","005J00000018K40IAE","2013-07-29T12:51:59.000Z","005J00000018K40IAE","2013-07-29T12:51:59.000Z","a02J0000003BIj1IAG","003J000000gTHZRIA4","208","2011-11-05","",""
"a03J00000012SaRIAU","false","CT-0000597","2013-07-08T15:16:51.000Z","005J00000018K40IAE","2013-07-29T12:51:58.000Z","005J00000018K40IAE","2013-07-29T12:51:58.000Z","a02J0000003BIj3IAG","003J000000gTHpZIAW","157","2011-08-05","",""
"a03J00000012SW4IAM","false","CT-0000529","2013-07-08T15:15:25.000Z","005J00000018K40IAE","2013-07-29T12:51:58.000Z","005J00000018K40IAE","2013-07-29T12:51:58.000Z","a02J0000003BIj4IAG","003J000000gTFgiIAG","89","2010-09-09","",""
"a03J00000012SUeIAM","false","CT-0000543","2013-07-08T15:15:45.000Z","005J00000018K40IAE","2013-07-29T12:51:58.000Z","005J00000018K40IAE","2013-07-29T12:51:58.000Z","a02J0000003BId6IAG","003J000000gTHJAIA4","103","2010-07-24","",""
"a03J00000012SUYIA2","false","CT-0000457","2013-07-08T15:14:05.000Z","005J00000018K40IAE","2013-07-29T12:51:58.000Z","005J00000018K40IAE","2013-07-29T12:51:58.000Z","a02J0000003BIglIAG","003J000000gTILKIA4","17","2011-05-22","",""
"a03J00000012SYfIAM","false","CT-0000548","2013-07-08T15:15:55.000Z","005J00000018K40IAE","2013-07-29T12:51:58.000Z","005J00000018K40IAE","2013-07-29T12:51:58.000Z","a02J0000003BIgmIAG","003J000000gTFtzIAG","108","2010-10-10","",""
"a03J00000012SVNIA2","false","CT-0000508","2013-07-08T15:15:00.000Z","005J00000018K40IAE","2013-07-29T12:51:58.000Z","005J00000018K40IAE","2013-07-29T12:51:58.000Z","a02J0000003BIgnIAG","003J000000gTFS6IAO","68","2010-05-03","",""
"a03J00000012SbyIAE","false","CT-0000646","2013-07-08T15:17:51.000Z","005J00000018K40IAE","2013-07-29T12:51:59.000Z","005J00000018K40IAE","2013-07-29T12:51:59.000Z","a02J0000003BIdcIAG","003J000000gTIReIAO","206","2012-08-16","",""
"a03J00000012SbUIAU","false","CT-0000630","2013-07-08T15:17:33.000Z","005J00000018K40IAE","2013-07-29T12:51:58.000Z","005J00000018K40IAE","2013-07-29T12:51:58.000Z","a02J0000003BIddIAG","003J000000gTIJ6IAO","190","2012-07-10","",""
"a03J00000012SYqIAM","false","CT-0000603","2013-07-08T15:16:57.000Z","005J00000018K40IAE","2013-07-29T12:51:58.000Z","005J00000018K40IAE","2013-07-29T12:51:58.000Z","a02J0000003BIiMIAW","003J000000gTEtnIAG","163","2012-04-26","",""
"a03J00000012SYbIAM","false","CT-0000554","2013-07-08T15:16:01.000Z","005J00000018K40IAE","2013-07-29T12:51:58.000Z","005J00000018K40IAE","2013-07-29T12:51:58.000Z","a02J0000003BIjaIAG","003J000000gTGIdIAO","114","2011-01-11","",""
"a03J00000012SVcIAM","false","CT-0000492","2013-07-08T15:14:41.000Z","005J00000018K40IAE","2013-07-29T12:51:58.000Z","005J00000018K40IAE","2013-07-29T12:51:58.000Z","a02J0000003BIjcIAG","003J000000gTHhrIAG","52","2010-04-21","",""
"a03J00000012SV9IAM","false","CT-0000560","2013-07-08T15:16:06.000Z","005J00000018K40IAE","2013-07-29T12:51:58.000Z","005J00000018K40IAE","2013-07-29T12:51:58.000Z","a02J0000003BIjZIAW","003J000000gTGHWIA4","120","2011-03-08","",""
"a03J00000012SZdIAM","false","CT-0000576","2013-07-08T15:16:21.000Z","005J00000018K40IAE","2013-07-29T12:51:58.000Z","005J00000018K40IAE","2013-07-29T12:51:58.000Z","a02J0000003BIcyIAG","003J000000gTIpEIAW","136","2013-05-23","",""
"a03J00000012SWFIA2","false","CT-0000485","2013-07-08T15:14:31.000Z","005J00000018K40IAE","2013-07-29T12:51:58.000Z","005J00000018K40IAE","2013-07-29T12:51:58.000Z","a02J0000003BIczIAG","003J000000gTGXLIA4","45","2013-02-25","",""
"a03J00000012THhIAM","false","CT-0000729","2013-07-12T09:05:50.000Z","005J00000018K40IAE","2013-07-29T12:51:59.000Z","005J00000018K40IAE","2013-07-29T12:51:59.000Z","a02J0000003BIgLIAW","003J000000gTI91IAG","289","2012-09-05","",""
"a03J00000012Sd2IAE","false","CT-0000709","2013-07-08T15:19:01.000Z","005J00000018K40IAE","2013-07-29T12:51:59.000Z","005J00000018K40IAE","2013-07-29T12:51:59.000Z","a02J0000003BIgLIAW","003J000000gTIauIAG","269","2012-09-05","",""
"a03J00000012SVFIA2","false","CT-0000679","2013-07-08T15:18:31.000Z","005J00000018K40IAE","2013-07-29T12:51:59.000Z","005J00000018K40IAE","2013-07-29T12:51:59.000Z","a02J0000003BIgLIAW","003J000000gTIVPIA4","239","2012-09-05","",""
"a03J00000012SasIAE","false","CT-0000715","2013-07-08T15:19:07.000Z","005J00000018K40IAE","2013-07-29T12:51:59.000Z","005J00000018K40IAE","2013-07-29T12:51:59.000Z","a02J0000003BIgLIAW","003J000000gTHvjIAG","275","2012-09-05","",""
"a03J00000012SWbIAM","false","CT-0000714","2013-07-08T15:19:06.000Z","005J00000018K40IAE","2013-07-29T12:51:59.000Z","005J00000018K40IAE","2013-07-29T12:51:59.000Z","a02J0000003BIgLIAW","003J000000gTIV8IAO","274","2012-09-05","",""
"a03J00000012SXsIAM","false","CT-0000577","2013-07-08T15:16:22.000Z","005J00000018K40IAE","2013-07-29T12:51:58.000Z","005J00000018K40IAE","2013-07-29T12:51:58.000Z","a02J0000003BIgLIAW","003J000000gWYKOIA4","137","2012-09-05","",""
"a03J00000012SYpIAM","false","CT-0000550","2013-07-08T15:15:57.000Z","005J00000018K40IAE","2013-07-29T12:51:58.000Z","005J00000018K40IAE","2013-07-29T12:51:58.000Z","a02J0000003BIetIAG","003J000000gTI7fIAG","110","2012-11-24","",""
"a03J00000012SU7IAM","false","CT-0000723","2013-07-08T15:19:14.000Z","005J00000018K40IAE","2013-07-29T12:51:59.000Z","005J00000018K40IAE","2013-07-29T12:51:59.000Z","a02J0000003BIetIAG","003J000000gTHMKIA4","283","2012-11-24","",""
"a03J00000012SXcIAM","false","CT-0000519","2013-07-08T15:15:15.000Z","005J00000018K40IAE","2013-07-29T12:51:58.000Z","005J00000018K40IAE","2013-07-29T12:51:58.000Z","a02J0000003BIetIAG","003J000000gTIVqIAO","79","2012-11-24","",""
"a03J00000012STRIA2","false","CT-0000504","2013-07-08T15:14:52.000Z","005J00000018K40IAE","2013-07-29T12:51:58.000Z","005J00000018K40IAE","2013-07-29T12:51:58.000Z","a02J0000003BIewIAG","003J000000gTHQoIAO","64","2010-05-07","",""
"a03J00000012SZ6IAM","false","CT-0000713","2013-07-08T15:19:05.000Z","005J00000018K40IAE","2013-07-29T12:51:59.000Z","005J00000018K40IAE","2013-07-29T12:51:59.000Z","a02J0000003BId0IAG","003J000000gTIA5IAO","273","2012-07-10","",""
"a03J00000012SccIAE","false","CT-0000661","2013-07-08T15:18:06.000Z","005J00000018K40IAE","2013-07-29T12:51:59.000Z","005J00000018K40IAE","2013-07-29T12:51:59.000Z","a02J0000003BId0IAG","003J000000gTI0uIAG","221","2012-07-10","",""
"a03J00000012Sb6IAE","false","CT-0000617","2013-07-08T15:17:17.000Z","005J00000018K40IAE","2013-07-29T12:51:58.000Z","005J00000018K40IAE","2013-07-29T12:51:58.000Z","a02J0000003BIftIAG","003J000000gTIBDIA4","177","2012-05-05","",""
"a03J00000012SUnIAM","false","CT-0000462","2013-07-08T15:14:10.000Z","005J00000018K40IAE","2013-07-29T12:51:58.000Z","005J00000018K40IAE","2013-07-29T12:51:58.000Z","a02J0000003BIftIAG","003J000000gTHZRIA4","22","2012-05-05","",""
"a03J00000012SUuIAM","false","CT-0000568","2013-07-08T15:16:14.000Z","005J00000018K40IAE","2013-07-29T12:51:58.000Z","005J00000018K40IAE","2013-07-29T12:51:58.000Z","a02J0000003BIjPIAW","003J000000gTFXwIAO","128","2011-09-05","",""
"a03J00000012SWjIAM","false","CT-0000500","2013-07-08T15:14:49.000Z","005J00000018K40IAE","2013-07-29T12:51:58.000Z","005J00000018K40IAE","2013-07-29T12:51:58.000Z","a02J0000003BIfuIAG","003J000000gTGikIAG","60","2011-03-31","",""
"a03J00000012SVBIA2","false","CT-0000574","2013-07-08T15:16:19.000Z","005J00000018K40IAE","2013-07-29T12:51:58.000Z","005J00000018K40IAE","2013-07-29T12:51:58.000Z","a02J0000003BIfuIAG","003J000000gTGXWIA4","134","2011-03-31","",""
"a03J00000012SZFIA2","false","CT-0000562","2013-07-08T15:16:08.000Z","005J00000018K40IAE","2013-07-29T12:51:58.000Z","005J00000018K40IAE","2013-07-29T12:51:58.000Z","a02J0000003BIgMIAW","003J000000gTGFWIA4","122","2011-03-23","",""
"a03J00000012SbLIAU","false","CT-0000667","2013-07-08T15:18:12.000Z","005J00000018K40IAE","2013-07-29T12:51:59.000Z","005J00000018K40IAE","2013-07-29T12:51:59.000Z","a02J0000003BIfiIAG","003J000000gTIOkIAO","227","2012-09-02","",""
"a03J00000012SVlIAM","false","CT-0000478","2013-07-08T15:14:25.000Z","005J00000018K40IAE","2013-07-29T12:51:58.000Z","005J00000018K40IAE","2013-07-29T12:51:58.000Z","a02J0000003BIfvIAG","003J000000gTHUmIAO","38","2010-02-17","",""
"a03J00000012SUdIAM","false","CT-0000458","2013-07-08T15:14:06.000Z","005J00000018K40IAE","2013-07-29T12:51:58.000Z","005J00000018K40IAE","2013-07-29T12:51:58.000Z","a02J0000003BIkhIAG","003J000000gTF3DIAW","18","2009-11-11","",""
"a03J00000012SU9IAM","false","CT-0000452","2013-07-08T15:14:01.000Z","005J00000018K40IAE","2013-07-29T12:51:58.000Z","005J00000018K40IAE","2013-07-29T12:51:58.000Z","a02J0000003BIkhIAG","003J000000gTHRWIA4","12","2009-11-11","",""
"a03J00000012SUGIA2","false","CT-0000469","2013-07-08T15:14:17.000Z","005J00000018K40IAE","2013-07-29T12:51:58.000Z","005J00000018K40IAE","2013-07-29T12:51:58.000Z","a02J0000003BIkhIAG","003J000000gTHUmIAO","29","2009-11-11","",""
"a03J00000012STlIAM","false","CT-0000450","2013-07-08T15:13:59.000Z","005J00000018K40IAE","2013-07-29T12:51:58.000Z","005J00000018K40IAE","2013-07-29T12:51:58.000Z","a02J0000003BIkhIAG","003J000000gTEoKIAW","10","2009-11-11","",""
"a03J00000012SUFIA2","false","CT-0000464","2013-07-08T15:14:12.000Z","005J00000018K40IAE","2013-07-29T12:51:58.000Z","005J00000018K40IAE","2013-07-29T12:51:58.000Z","a02J0000003BIdwIAG","003J000000gTFAYIA4","24","2010-01-16","",""
"a03J00000012SW0IAM","false","CT-0000481","2013-07-08T15:14:28.000Z","005J00000018K40IAE","2013-07-29T12:51:58.000Z","005J00000018K40IAE","2013-07-29T12:51:58.000Z","a02J0000003BIdwIAG","003J000000gTFD1IAO","41","2010-01-16","",""
"a03J00000012STkIAM","false","CT-0000445","2013-07-08T15:13:54.000Z","005J00000018K40IAE","2013-07-29T12:51:58.000Z","005J00000018K40IAE","2013-07-29T12:51:58.000Z","a02J0000003BIdxIAG","003J000000gTEtmIAG","5","2009-12-07","",""
"a03J00000012ScDIAU","false","CT-0000651","2013-07-08T15:17:57.000Z","005J00000018K40IAE","2013-07-29T12:51:59.000Z","005J00000018K40IAE","2013-07-29T12:51:59.000Z","a02J0000003BIgcIAG","003J000000gTINaIAO","211","2011-02-28","",""
"a03J00000012SXUIA2","false","CT-0000552","2013-07-08T15:15:59.000Z","005J00000018K40IAE","2013-07-29T12:51:58.000Z","005J00000018K40IAE","2013-07-29T12:51:58.000Z","a02J0000003BIgcIAG","003J000000gTFVQIA4","112","2011-02-28","",""
"a03J00000012SXBIA2","false","CT-0000650","2013-07-08T15:17:55.000Z","005J00000018K40IAE","2013-07-29T12:51:59.000Z","005J00000018K40IAE","2013-07-29T12:51:59.000Z","a02J0000003BIgcIAG","003J000000gTI2dIAG","210","2011-02-28","",""
"a03J00000012SaKIAU","false","CT-0000632","2013-07-08T15:17:35.000Z","005J00000018K40IAE","2013-07-29T12:51:58.000Z","005J00000018K40IAE","2013-07-29T12:51:58.000Z","a02J0000003BIgcIAG","003J000000gTHKTIA4","192","2011-02-28","",""
"a03J00000012SZJIA2","false","CT-0000563","2013-07-08T15:16:09.000Z","005J00000018K40IAE","2013-07-29T12:51:58.000Z","005J00000018K40IAE","2013-07-29T12:51:58.000Z","a02J0000003BIgeIAG","003J000000gTGO4IAO","123","2011-02-06","",""
"a03J00000012SWCIA2","false","CT-0000572","2013-07-08T15:16:17.000Z","005J00000018K40IAE","2013-07-29T12:51:58.000Z","005J00000018K40IAE","2013-07-29T12:51:58.000Z","a02J0000003BIgeIAG","003J000000gTGLHIA4","132","2011-02-06","",""
"a03J00000012SWAIA2","false","CT-0000484","2013-07-08T15:14:31.000Z","005J00000018K40IAE","2013-07-29T12:51:58.000Z","005J00000018K40IAE","2013-07-29T12:51:58.000Z","a02J0000003BIfTIAW","003J000000gTGnuIAG","44","2010-01-17","",""
"a03J00000012SVDIA2","false","CT-0000475","2013-07-08T15:14:22.000Z","005J00000018K40IAE","2013-07-29T12:51:58.000Z","005J00000018K40IAE","2013-07-29T12:51:58.000Z","a02J0000003BIfUIAW","003J000000gTEhnIAG","35","2009-12-18","",""
"a03J00000012SVbIAM","false","CT-0000476","2013-07-08T15:14:23.000Z","005J00000018K40IAE","2013-07-29T12:51:58.000Z","005J00000018K40IAE","2013-07-29T12:51:58.000Z","a02J0000003BIfUIAW","003J000000gTF9JIAW","36","2009-12-18","",""
"a03J00000012SY7IAM","false","CT-0000532","2013-07-08T15:15:27.000Z","005J00000018K40IAE","2013-07-29T12:51:58.000Z","005J00000018K40IAE","2013-07-29T12:51:58.000Z","a02J0000003BIiTIAW","003J000000gTFjKIAW","92","2010-10-13","",""
"a03J00000012SYGIA2","false","CT-0000535","2013-07-08T15:15:34.000Z","005J00000018K40IAE","2013-07-29T12:51:58.000Z","005J00000018K40IAE","2013-07-29T12:51:58.000Z","a02J0000003BIiUIAW","003J000000gTFgkIAG","95","2010-09-24","",""
"a03J00000012SVXIA2","false","CT-0000511","2013-07-08T15:15:07.000Z","005J00000018K40IAE","2013-07-29T12:51:58.000Z","005J00000018K40IAE","2013-07-29T12:51:58.000Z","a02J0000003BIiVIAW","003J000000gTFPDIA4","71","2010-05-20","",""
"a03J00000012SVCIA2","false","CT-0000470","2013-07-08T15:14:18.000Z","005J00000018K40IAE","2013-07-29T12:51:58.000Z","005J00000018K40IAE","2013-07-29T12:51:58.000Z","a02J0000003BIkrIAG","003J000000gTHBDIA4","30","2009-11-09","",""
"a03J00000012SWUIA2","false","CT-0000491","2013-07-08T15:14:41.000Z","005J00000018K40IAE","2013-07-29T12:51:58.000Z","005J00000018K40IAE","2013-07-29T12:51:58.000Z","a02J0000003BNjUIAW","003J000000gWYJzIAO","51","2013-07-08","",""
"a03J00000012SZ9IAM","false","CT-0000557","2013-07-08T15:16:03.000Z","005J00000018K40IAE","2013-07-29T12:51:58.000Z","005J00000018K40IAE","2013-07-29T12:51:58.000Z","a02J0000003BIk8IAG","003J000000gTGA7IAO","117","2010-12-01","",""
"a03J00000012SVqIAM","false","CT-0000479","2013-07-08T15:14:26.000Z","005J00000018K40IAE","2013-07-29T12:51:58.000Z","005J00000018K40IAE","2013-07-29T12:51:58.000Z","a02J0000003BIkmIAG","003J000000gTGktIAG","39","2009-11-09","",""
"a03J00000012SUHIA2","false","CT-0000580","2013-07-08T15:16:29.000Z","005J00000018K40IAE","2013-07-29T12:51:58.000Z","005J00000018K40IAE","2013-07-29T12:51:58.000Z","a02J0000003BIjKIAW","003J000000gTH24IAG","140","2011-10-07","",""
"a03J00000012SX9IAM","false","CT-0000513","2013-07-08T15:15:09.000Z","005J00000018K40IAE","2013-07-29T12:51:58.000Z","005J00000018K40IAE","2013-07-29T12:51:58.000Z","a02J0000003BIjLIAW","003J000000gTEAQIA4","73","2009-11-28","",""
"a03J00000012STaIAM","false","CT-0000443","2013-07-08T15:13:52.000Z","005J00000018K40IAE","2013-07-29T12:51:58.000Z","005J00000018K40IAE","2013-07-29T12:51:58.000Z","a02J0000003BIhKIAW","003J000000gTHEhIAO","3","2009-11-09","",""
"a03J00000012STcIAM","false","CT-0000502","2013-07-08T15:14:51.000Z","005J00000018K40IAE","2013-07-29T12:51:58.000Z","005J00000018K40IAE","2013-07-29T12:51:58.000Z","a02J0000003BIeBIAW","003J000000gTFCIIA4","62","2010-01-18","",""
"a03J00000012SZfIAM","false","CT-0000721","2013-07-08T15:19:13.000Z","005J00000018K40IAE","2013-07-29T12:51:59.000Z","005J00000018K40IAE","2013-07-29T12:51:59.000Z","a02J0000003BIclIAG","003J000000gTI6gIAG","281","2012-11-24","",""
"a03J00000012SV7IAM","false","CT-0000468","2013-07-08T15:14:16.000Z","005J00000018K40IAE","2013-07-29T12:51:58.000Z","005J00000018K40IAE","2013-07-29T12:51:58.000Z","a02J0000003BIeCIAW","003J000000gTHdpIAG","28","2010-01-05","",""
"a03J00000012SZsIAM","false","CT-0000582","2013-07-08T15:16:31.000Z","005J00000018K40IAE","2013-07-29T12:51:58.000Z","005J00000018K40IAE","2013-07-29T12:51:58.000Z","a02J0000003BIgiIAG","003J000000gTEKbIAO","142","2011-11-15","",""
"a03J00000012SaIIAU","false","CT-0000594","2013-07-08T15:16:48.000Z","005J00000018K40IAE","2013-07-29T12:51:58.000Z","005J00000018K40IAE","2013-07-29T12:51:58.000Z","a02J0000003BIibIAG","003J000000gTHalIAG","154","2012-03-09","",""
"a03J00000012SWMIA2","false","CT-0000618","2013-07-08T15:17:18.000Z","005J00000018K40IAE","2013-07-29T12:51:58.000Z","005J00000018K40IAE","2013-07-29T12:51:58.000Z","a02J0000003BIicIAG","003J000000gTIH5IAO","178","2011-10-24","",""
"a03J00000012SYEIA2","false","CT-0000606","2013-07-08T15:17:00.000Z","005J00000018K40IAE","2013-07-29T12:51:58.000Z","005J00000018K40IAE","2013-07-29T12:51:58.000Z","a02J0000003BIicIAG","003J000000gTIFmIAO","166","2011-10-24","",""
"a03J00000012SWZIA2","false","CT-0000493","2013-07-08T15:14:42.000Z","005J00000018K40IAE","2013-07-29T12:51:58.000Z","005J00000018K40IAE","2013-07-29T12:51:58.000Z","a02J0000003BIidIAG","003J000000gTFJIIA4","53","2010-04-21","",""
"a03J00000012SUiIAM","false","CT-0000460","2013-07-08T15:14:08.000Z","005J00000018K40IAE","2013-07-29T12:51:58.000Z","005J00000018K40IAE","2013-07-29T12:51:58.000Z","a02J0000003BIi9IAG","003J000000gTIalIAG","20","2009-11-09","",""
"a03J00000012STfIAM","false","CT-0000444","2013-07-08T15:13:53.000Z","005J00000018K40IAE","2013-07-29T12:51:58.000Z","005J00000018K40IAE","2013-07-29T12:51:58.000Z","a02J0000003BIi9IAG","003J000000gTEKbIAO","4","2009-11-09","",""
"a03J00000012Sd6IAE","false","CT-0000692","2013-07-08T15:18:46.000Z","005J00000018K40IAE","2013-07-29T12:51:59.000Z","005J00000018K40IAE","2013-07-29T12:51:59.000Z","a02J0000003BId8IAG","003J000000gTIhVIAW","252","2012-11-15","",""
"a03J00000012SaSIAU","false","CT-0000672","2013-07-08T15:18:17.000Z","005J00000018K40IAE","2013-07-29T12:51:59.000Z","005J00000018K40IAE","2013-07-29T12:51:59.000Z","a02J0000003BIdAIAW","003J000000gTFplIAG","232","2012-09-25","",""
"a03J00000012SWhIAM","false","CT-0000506","2013-07-08T15:14:58.000Z","005J00000018K40IAE","2013-07-29T12:51:58.000Z","005J00000018K40IAE","2013-07-29T12:51:58.000Z","a02J0000003BIdAIAW","003J000000gTEKQIA4","66","2012-09-25","",""
"a03J00000012SWyIAM","false","CT-0000505","2013-07-08T15:14:57.000Z","005J00000018K40IAE","2013-07-29T12:51:58.000Z","005J00000018K40IAE","2013-07-29T12:51:58.000Z","a02J0000003BIdAIAW","003J000000gTIs4IAG","65","2012-09-25","",""
"a03J00000012SXdIAM","false","CT-0000619","2013-07-08T15:17:19.000Z","005J00000018K40IAE","2013-07-29T12:51:58.000Z","005J00000018K40IAE","2013-07-29T12:51:58.000Z","a02J0000003BIiCIAW","003J000000gTIBjIAO","179","2012-06-12","",""
"a03J00000012SUvIAM","false","CT-0000600","2013-07-08T15:16:54.000Z","005J00000018K40IAE","2013-07-29T12:51:58.000Z","005J00000018K40IAE","2013-07-29T12:51:58.000Z","a02J0000003BIiEIAW","003J000000gTFthIAG","160","2011-11-25","",""
"a03J00000012SVJIA2","false","CT-0000556","2013-07-08T15:16:03.000Z","005J00000018K40IAE","2013-07-29T12:51:58.000Z","005J00000018K40IAE","2013-07-29T12:51:58.000Z","a02J0000003BIiFIAW","003J000000gTHGHIA4","116","2010-09-20","",""
"a03J00000012SZ5IAM","false","CT-0000641","2013-07-08T15:17:46.000Z","005J00000018K40IAE","2013-07-29T12:51:59.000Z","005J00000018K40IAE","2013-07-29T12:51:59.000Z","a02J0000003BIhxIAG","003J000000gTINYIA4","201","2012-07-08","",""
"a03J00000012SbZIAU","false","CT-0000635","2013-07-08T15:17:39.000Z","005J00000018K40IAE","2013-07-29T12:51:58.000Z","005J00000018K40IAE","2013-07-29T12:51:58.000Z","a02J0000003BIi7IAG","003J000000gTI2dIAG","195","2012-06-22","",""
"a03J00000012SbeIAE","false","CT-0000638","2013-07-08T15:17:44.000Z","005J00000018K40IAE","2013-07-29T12:51:58.000Z","005J00000018K40IAE","2013-07-29T12:51:58.000Z","a02J0000003BIi7IAG","003J000000gTINIIA4","198","2012-06-22","",""
"a03J00000012SVdIAM","false","CT-0000609","2013-07-08T15:17:06.000Z","005J00000018K40IAE","2013-07-29T12:51:58.000Z","005J00000018K40IAE","2013-07-29T12:51:58.000Z","a02J0000003BIi8IAG","003J000000gTDykIAG","169","2012-05-21","",""
"a03J00000012SaDIAU","false","CT-0000668","2013-07-08T15:18:13.000Z","005J00000018K40IAE","2013-07-29T12:51:59.000Z","005J00000018K40IAE","2013-07-29T12:51:59.000Z","a02J0000003BNjZIAW","003J000000gWYLHIA4","228","2013-07-04","",""
"a03J00000012SavIAE","false","CT-0000608","2013-07-08T15:17:05.000Z","005J00000018K40IAE","2013-07-29T12:51:58.000Z","005J00000018K40IAE","2013-07-29T12:51:58.000Z","a02J0000003BNjZIAW","003J000000gWYJvIAO","168","2013-07-04","",""
"a03J00000012SUUIA2","false","CT-0000459","2013-07-08T15:14:07.000Z","005J00000018K40IAE","2013-07-29T12:51:58.000Z","005J00000018K40IAE","2013-07-29T12:51:58.000Z","a02J0000003BIe5IAG","003J000000gTI2dIAG","19","2013-03-13","",""
"a03J00000012SZtIAM","false","CT-0000710","2013-07-08T15:19:02.000Z","005J00000018K40IAE","2013-07-29T12:51:59.000Z","005J00000018K40IAE","2013-07-29T12:51:59.000Z","a02J0000003BIe5IAG","003J000000gTI4rIAG","270","2013-03-13","",""
"a03J00000012SdCIAU","false","CT-0000712","2013-07-08T15:19:04.000Z","005J00000018K40IAE","2013-07-29T12:51:59.000Z","005J00000018K40IAE","2013-07-29T12:51:59.000Z","a02J0000003BIepIAG","003J000000gTI1JIAW","272","2013-01-15","",""
"a03J00000012Sa4IAE","false","CT-0000639","2013-07-08T15:17:44.000Z","005J00000018K40IAE","2013-07-29T12:51:58.000Z","005J00000018K40IAE","2013-07-29T12:51:58.000Z","a02J0000003BIeqIAG","003J000000gTHZRIA4","199","2012-08-10","",""
"a03J00000012SchIAE","false","CT-0000665","2013-07-08T15:18:10.000Z","005J00000018K40IAE","2013-07-29T12:51:59.000Z","005J00000018K40IAE","2013-07-29T12:51:59.000Z","a02J0000003BIdMIAW","003J000000gTIuqIAG","225","2013-04-24","",""
"a03J00000012SdLIAU","false","CT-0000697","2013-07-08T15:18:50.000Z","005J00000018K40IAE","2013-07-29T12:51:59.000Z","005J00000018K40IAE","2013-07-29T12:51:59.000Z","a02J0000003BIdMIAW","003J000000gTIsdIAG","257","2013-04-24","",""
"a03J00000012SWBIA2","false","CT-0000520","2013-07-08T15:15:16.000Z","005J00000018K40IAE","2013-07-29T12:51:58.000Z","005J00000018K40IAE","2013-07-29T12:51:58.000Z","a02J0000003BIdMIAW","003J000000gTIYmIAO","80","2013-04-24","",""
"a03J00000012Sd1IAE","false","CT-0000691","2013-07-08T15:18:45.000Z","005J00000018K40IAE","2013-07-29T12:51:59.000Z","005J00000018K40IAE","2013-07-29T12:51:59.000Z","a02J0000003BIdNIAW","003J000000gTHFPIA4","251","2013-04-22","",""
"a03J00000012STmIAM","false","CT-0000621","2013-07-08T15:17:21.000Z","005J00000018K40IAE","2013-07-29T12:51:58.000Z","005J00000018K40IAE","2013-07-29T12:51:58.000Z","a02J0000003BIdNIAW","003J000000gTIr5IAG","181","2013-04-22","",""
"a03J00000012SUzIAM","false","CT-0000664","2013-07-08T15:18:08.000Z","005J00000018K40IAE","2013-07-29T12:51:59.000Z","005J00000018K40IAE","2013-07-29T12:51:59.000Z","a02J0000003BIerIAG","003J000000gTGK5IAO","224","2012-08-08","",""
"a03J00000012Sc5IAE","false","CT-0000706","2013-07-08T15:18:58.000Z","005J00000018K40IAE","2013-07-29T12:51:59.000Z","005J00000018K40IAE","2013-07-29T12:51:59.000Z","a02J0000003BIdOIAW","003J000000gTHFOIA4","266","2013-03-26","",""
"a03J00000012WweIAE","false","CT-0000730","2013-07-29T08:54:22.000Z","005J00000018K40IAE","2013-07-29T12:51:59.000Z","005J00000018K40IAE","2013-07-29T12:51:59.000Z","a02J0000003BIdKIAW","003J000000gTIEwIAO","290","2013-02-18","",""
"a03J00000012SdVIAU","false","CT-0000703","2013-07-08T15:18:55.000Z","005J00000018K40IAE","2013-07-29T12:51:59.000Z","005J00000018K40IAE","2013-07-29T12:51:59.000Z","a02J0000003BIhnIAG","003J000000gTIofIAG","263","2012-07-10","",""
"a03J00000012Sb5IAE","false","CT-0000616","2013-07-08T15:17:15.000Z","005J00000018K40IAE","2013-07-29T12:51:58.000Z","005J00000018K40IAE","2013-07-29T12:51:58.000Z","a02J0000003BIiHIAW","003J000000gTIExIAO","176","2012-05-23","",""
"a03J00000012SbtIAE","false","CT-0000645","2013-07-08T15:17:50.000Z","005J00000018K40IAE","2013-07-29T12:51:59.000Z","005J00000018K40IAE","2013-07-29T12:51:59.000Z","a02J0000003BIiHIAW","003J000000gTIRKIA4","205","2012-05-23","",""
"a03J00000012SUQIA2","false","CT-0000465","2013-07-08T15:14:13.000Z","005J00000018K40IAE","2013-07-29T12:51:58.000Z","005J00000018K40IAE","2013-07-29T12:51:58.000Z","a02J0000003BIdmIAG","003J000000gTIoyIAG","25","2012-05-21","",""
"a03J00000012SU6IAM","false","CT-0000625","2013-07-08T15:17:24.000Z","005J00000018K40IAE","2013-07-29T12:51:58.000Z","005J00000018K40IAE","2013-07-29T12:51:58.000Z","a02J0000003BIdnIAG","003J000000gTHKTIA4","185","2012-05-11","",""
"a03J00000012SbFIAU","false","CT-0000624","2013-07-08T15:17:23.000Z","005J00000018K40IAE","2013-07-29T12:51:58.000Z","005J00000018K40IAE","2013-07-29T12:51:58.000Z","a02J0000003BIdnIAG","003J000000gTIBGIA4","184","2012-05-11","",""
"a03J00000012SawIAE","false","CT-0000631","2013-07-08T15:17:34.000Z","005J00000018K40IAE","2013-07-29T12:51:58.000Z","005J00000018K40IAE","2013-07-29T12:51:58.000Z","a02J0000003BIdnIAG","003J000000gTIICIA4","191","2012-05-11","",""
"a03J00000012SbPIAU","false","CT-0000628","2013-07-08T15:17:27.000Z","005J00000018K40IAE","2013-07-29T12:51:58.000Z","005J00000018K40IAE","2013-07-29T12:51:58.000Z","a02J0000003BIhPIAW","003J000000gTIGPIA4","188","2012-04-12","",""
"a03J00000012SdGIAU","false","CT-0000696","2013-07-08T15:18:49.000Z","005J00000018K40IAE","2013-07-29T12:51:59.000Z","005J00000018K40IAE","2013-07-29T12:51:59.000Z","a02J0000003BIhoIAG","003J000000gTIE2IAO","256","2012-02-06","",""
"a03J00000012ScrIAE","false","CT-0000678","2013-07-08T15:18:30.000Z","005J00000018K40IAE","2013-07-29T12:51:59.000Z","005J00000018K40IAE","2013-07-29T12:51:59.000Z","a02J0000003BIhoIAG","003J000000gTIesIAG","238","2012-02-06","",""
"a03J00000012SaMIAU","false","CT-0000592","2013-07-08T15:16:43.000Z","005J00000018K40IAE","2013-07-29T12:51:58.000Z","005J00000018K40IAE","2013-07-29T12:51:58.000Z","a02J0000003BIfPIAW","003J000000gTGM4IAO","152","2011-10-29","",""
"a03J00000012SXnIAM","false","CT-0000588","2013-07-08T15:16:37.000Z","005J00000018K40IAE","2013-07-29T12:51:58.000Z","005J00000018K40IAE","2013-07-29T12:51:58.000Z","a02J0000003BIfQIAW","003J000000gTGvfIAG","148","2011-10-14","",""
"a03J00000012SWQIA2","false","CT-0000579","2013-07-08T15:16:28.000Z","005J00000018K40IAE","2013-07-29T12:51:58.000Z","005J00000018K40IAE","2013-07-29T12:51:58.000Z","a02J0000003BIgHIAW","003J000000gTHGHIA4","139","2011-10-09","",""
"a03J00000012SVAIA2","false","CT-0000564","2013-07-08T15:16:10.000Z","005J00000018K40IAE","2013-07-29T12:51:58.000Z","005J00000018K40IAE","2013-07-29T12:51:58.000Z","a02J0000003BIhpIAG","003J000000gTGTcIAO","124","2011-03-30","",""
"a03J00000012SVPIA2","false","CT-0000539","2013-07-08T15:15:42.000Z","005J00000018K40IAE","2013-07-29T12:51:58.000Z","005J00000018K40IAE","2013-07-29T12:51:58.000Z","a02J0000003BIhQIAW","003J000000gTFthIAG","99","2010-11-15","",""
"a03J00000012SYHIA2","false","CT-0000537","2013-07-08T15:15:40.000Z","005J00000018K40IAE","2013-07-29T12:51:58.000Z","005J00000018K40IAE","2013-07-29T12:51:58.000Z","a02J0000003BIhRIAW","003J000000gTFplIAG","97","2010-11-08","",""
"a03J00000012SY1IAM","false","CT-0000530","2013-07-08T15:15:25.000Z","005J00000018K40IAE","2013-07-29T12:51:58.000Z","005J00000018K40IAE","2013-07-29T12:51:58.000Z","a02J0000003BIhqIAG","003J000000gTFAQIA4","90","2010-09-12","",""
"a03J00000012STgIAM","false","CT-0000527","2013-07-08T15:15:23.000Z","005J00000018K40IAE","2013-07-29T12:51:58.000Z","005J00000018K40IAE","2013-07-29T12:51:58.000Z","a02J0000003BIhqIAG","003J000000gTFpPIAW","87","2010-09-12","",""
"a03J00000012SUJIA2","false","CT-0000454","2013-07-08T15:14:03.000Z","005J00000018K40IAE","2013-07-29T12:51:58.000Z","005J00000018K40IAE","2013-07-29T12:51:58.000Z","a02J0000003BIhSIAW","003J000000gTEtWIAW","14","2009-12-07","",""
"a03J00000012SbCIAU","false","CT-0000669","2013-07-08T15:18:14.000Z","005J00000018K40IAE","2013-07-29T12:51:59.000Z","005J00000018K40IAE","2013-07-29T12:51:59.000Z","a02J0000003BIfXIAW","003J000000gTIZJIA4","229","2012-09-13","",""
"a03J00000012Sc8IAE","false","CT-0000649","2013-07-08T15:17:54.000Z","005J00000018K40IAE","2013-07-29T12:51:59.000Z","005J00000018K40IAE","2013-07-29T12:51:59.000Z","a02J0000003BIfYIAW","003J000000gTHbRIAW","209","2012-08-23","",""
"a03J00000012SZYIA2","false","CT-0000573","2013-07-08T15:16:18.000Z","005J00000018K40IAE","2013-07-29T12:51:58.000Z","005J00000018K40IAE","2013-07-29T12:51:58.000Z","a02J0000003BIjUIAW","003J000000gTGiyIAG","133","2011-05-22","",""
"a03J00000012SVvIAM","false","CT-0000480","2013-07-08T15:14:27.000Z","005J00000018K40IAE","2013-07-29T12:51:58.000Z","005J00000018K40IAE","2013-07-29T12:51:58.000Z","a02J0000003BIjVIAW","003J000000gTFevIAG","40","2011-04-21","",""
"a03J00000012SZeIAM","false","CT-0000685","2013-07-08T15:18:39.000Z","005J00000018K40IAE","2013-07-29T12:51:59.000Z","005J00000018K40IAE","2013-07-29T12:51:59.000Z","a02J0000003BIjVIAW","003J000000gTIjlIAG","245","2011-04-21","",""
"a03J00000012SYBIA2","false","CT-0000533","2013-07-08T15:15:33.000Z","005J00000018K40IAE","2013-07-29T12:51:58.000Z","005J00000018K40IAE","2013-07-29T12:51:58.000Z","a02J0000003BIjWIAW","003J000000gTFAEIA4","93","2010-05-21","",""
"a03J00000012Sb0IAE","false","CT-0000614","2013-07-08T15:17:13.000Z","005J00000018K40IAE","2013-07-29T12:51:58.000Z","005J00000018K40IAE","2013-07-29T12:51:58.000Z","a02J0000003BIdrIAG","003J000000gTILKIA4","174","2012-12-07","",""
"a03J00000012SW2IAM","false","CT-0000488","2013-07-08T15:14:34.000Z","005J00000018K40IAE","2013-07-29T12:51:58.000Z","005J00000018K40IAE","2013-07-29T12:51:58.000Z","a02J0000003BIdsIAG","003J000000gTII5IAO","48","2010-03-30","",""
"a03J00000012SV8IAM","false","CT-0000489","2013-07-08T15:14:39.000Z","005J00000018K40IAE","2013-07-29T12:51:58.000Z","005J00000018K40IAE","2013-07-29T12:51:58.000Z","a02J0000003BIeFIAW","003J000000gTIswIAG","49","2013-03-07","",""
"a03J00000012SXIIA2","false","CT-0000514","2013-07-08T15:15:10.000Z","005J00000018K40IAE","2013-07-29T12:51:58.000Z","005J00000018K40IAE","2013-07-29T12:51:58.000Z","a02J0000003BIjeIAG","003J000000gTGLxIAO","74","2011-03-08","",""
"a03J00000012SYuIAM","false","CT-0000551","2013-07-08T15:15:58.000Z","005J00000018K40IAE","2013-07-29T12:51:58.000Z","005J00000018K40IAE","2013-07-29T12:51:58.000Z","a02J0000003BIjfIAG","003J000000gTFvWIAW","111","2010-12-16","",""
"a03J00000012ScaIAE","false","CT-0000694","2013-07-08T15:18:47.000Z","005J00000018K40IAE","2013-07-29T12:51:59.000Z","005J00000018K40IAE","2013-07-29T12:51:59.000Z","a02J0000003BIfxIAG","003J000000gTIdIIAW","254","2012-09-10","",""
"a03J00000012STiIAM","false","CT-0000629","2013-07-08T15:17:28.000Z","005J00000018K40IAE","2013-07-29T12:51:58.000Z","005J00000018K40IAE","2013-07-29T12:51:58.000Z","a02J0000003BIhUIAW","003J000000gTIE5IAO","189","2011-10-15","",""
"a03J00000012SURIA2","false","CT-0000525","2013-07-08T15:15:21.000Z","005J00000018K40IAE","2013-07-29T12:51:58.000Z","005J00000018K40IAE","2013-07-29T12:51:58.000Z","a02J0000003BIhVIAW","003J000000gTFuPIAW","85","2010-11-03","",""
"a03J00000012SYLIA2","false","CT-0000538","2013-07-08T15:15:41.000Z","005J00000018K40IAE","2013-07-29T12:51:58.000Z","005J00000018K40IAE","2013-07-29T12:51:58.000Z","a02J0000003BIhWIAW","003J000000gTFf2IAG","98","2010-09-21","",""
"a03J00000012SXhIAM","false","CT-0000522","2013-07-08T15:15:18.000Z","005J00000018K40IAE","2013-07-29T12:51:58.000Z","005J00000018K40IAE","2013-07-29T12:51:58.000Z","a02J0000003BIhXIAW","003J000000gTFaXIAW","82","2010-08-22","",""
"a03J00000012STVIA2","false","CT-0000442","2013-07-08T15:13:52.000Z","005J00000018K40IAE","2013-07-29T12:51:58.000Z","005J00000018K40IAE","2013-07-29T12:51:58.000Z","a02J0000003BIkcIAG","003J000000gTEtEIAW","2","2009-12-07","",""
"a03J00000012SYzIAM","false","CT-0000553","2013-07-08T15:16:00.000Z","005J00000018K40IAE","2013-07-29T12:51:58.000Z","005J00000018K40IAE","2013-07-29T12:51:58.000Z","a02J0000003BIhFIAW","003J000000gTGKcIAO","113","2010-03-12","",""
"a03J00000012Sa3IAE","false","CT-0000611","2013-07-08T15:17:08.000Z","005J00000018K40IAE","2013-07-29T12:51:58.000Z","005J00000018K40IAE","2013-07-29T12:51:58.000Z","a02J0000003BIfoIAG","003J000000gTHRIIA4","171","2012-05-11","",""
"a03J00000012SaWIAU","false","CT-0000601","2013-07-08T15:16:55.000Z","005J00000018K40IAE","2013-07-29T12:51:58.000Z","005J00000018K40IAE","2013-07-29T12:51:58.000Z","a02J0000003BIj5IAG","003J000000gTHn8IAG","161","2011-11-14","",""
"a03J00000012SX4IAM","false","CT-0000699","2013-07-08T15:18:52.000Z","005J00000018K40IAE","2013-07-29T12:51:59.000Z","005J00000018K40IAE","2013-07-29T12:51:59.000Z","a02J0000003BIj6IAG","003J000000gTInWIAW","259","2011-10-27","",""
"a03J00000012SboIAE","false","CT-0000644","2013-07-08T15:17:49.000Z","005J00000018K40IAE","2013-07-29T12:51:59.000Z","005J00000018K40IAE","2013-07-29T12:51:59.000Z","a02J0000003BIj9IAG","003J000000gTIPpIAO","204","2011-08-05","",""
"a03J00000012SThIAM","false","CT-0000569","2013-07-08T15:16:15.000Z","005J00000018K40IAE","2013-07-29T12:51:58.000Z","005J00000018K40IAE","2013-07-29T12:51:58.000Z","a02J0000003BIjjIAG","003J000000gTGKyIAO","129","2011-02-28","",""
"a03J00000012SU4IAM","false","CT-0000449","2013-07-08T15:13:58.000Z","005J00000018K40IAE","2013-07-29T12:51:58.000Z","005J00000018K40IAE","2013-07-29T12:51:58.000Z","a02J0000003BIj8IAG","003J000000gTIoyIAG","9","2011-09-20","",""
"a03J00000012ScZIAU","false","CT-0000693","2013-07-08T15:18:47.000Z","005J00000018K40IAE","2013-07-29T12:51:59.000Z","005J00000018K40IAE","2013-07-29T12:51:59.000Z","a02J0000003BIj8IAG","003J000000gTIfKIAW","253","2011-09-20","",""
"a03J00000012SWaIAM","false","CT-0000575","2013-07-08T15:16:20.000Z","005J00000018K40IAE","2013-07-29T12:51:58.000Z","005J00000018K40IAE","2013-07-29T12:51:58.000Z","a02J0000003BIcUIAW","003J000000gTIAOIA4","135","2013-04-03","",""
"a03J00000012ScNIAU","false","CT-0000655","2013-07-08T15:18:00.000Z","005J00000018K40IAE","2013-07-29T12:51:59.000Z","005J00000018K40IAE","2013-07-29T12:51:59.000Z","a02J0000003BIeKIAW","003J000000gTIjPIAW","215","2013-03-06","",""
"a03J00000012SYkIAM","false","CT-0000549","2013-07-08T15:15:56.000Z","005J00000018K40IAE","2013-07-29T12:51:58.000Z","005J00000018K40IAE","2013-07-29T12:51:58.000Z","a02J0000003BIePIAW","003J000000gTHZRIA4","109","2013-02-22","",""
"a03J00000012THMIA2","false","CT-0000724","2013-07-12T09:05:45.000Z","005J00000018K40IAE","2013-07-29T12:51:59.000Z","005J00000018K40IAE","2013-07-29T12:51:59.000Z","a02J0000003BIeMIAW","003J000000gTIUxIAO","284","2013-02-05","",""
"a03J00000012THgIAM","false","CT-0000728","2013-07-12T09:05:49.000Z","005J00000018K40IAE","2013-07-29T12:51:59.000Z","005J00000018K40IAE","2013-07-29T12:51:59.000Z","a02J0000003BIeMIAW","003J000000gTI6lIAG","288","2013-02-05","",""
"a03J00000012Sb2IAE","false","CT-0000718","2013-07-08T15:19:10.000Z","005J00000018K40IAE","2013-07-29T12:51:59.000Z","005J00000018K40IAE","2013-07-29T12:51:59.000Z","a02J0000003BIeMIAW","003J000000gTHPhIAO","278","2013-02-05","",""
"a03J00000012SdkIAE","false","CT-0000722","2013-07-08T15:19:14.000Z","005J00000018K40IAE","2013-07-29T12:51:59.000Z","005J00000018K40IAE","2013-07-29T12:51:59.000Z","a02J0000003BIeMIAW","003J000000gTIHhIAO","282","2013-02-05","",""
"a03J00000012SVYIA2","false","CT-0000720","2013-07-08T15:19:12.000Z","005J00000018K40IAE","2013-07-29T12:51:59.000Z","005J00000018K40IAE","2013-07-29T12:51:59.000Z","a02J0000003BIeMIAW","003J000000gTIGRIA4","280","2013-02-05","",""
"a03J00000012SW6IAM","false","CT-0000642","2013-07-08T15:17:47.000Z","005J00000018K40IAE","2013-07-29T12:51:59.000Z","005J00000018K40IAE","2013-07-29T12:51:59.000Z","a02J0000003BIeMIAW","003J000000gTIHVIA4","202","2013-02-05","",""
"a03J00000012SW5IAM","false","CT-0000482","2013-07-08T15:14:29.000Z","005J00000018K40IAE","2013-07-29T12:51:58.000Z","005J00000018K40IAE","2013-07-29T12:51:58.000Z","a02J0000003BIeMIAW","003J000000gTIFAIA4","42","2013-02-05","",""
"a03J00000012THRIA2","false","CT-0000725","2013-07-12T09:05:46.000Z","005J00000018K40IAE","2013-07-29T12:51:59.000Z","005J00000018K40IAE","2013-07-29T12:51:59.000Z","a02J0000003BIeMIAW","003J000000gTHZRIA4","285","2013-02-05","",""
"a03J00000012THbIAM","false","CT-0000727","2013-07-12T09:05:48.000Z","005J00000018K40IAE","2013-07-29T12:51:59.000Z","005J00000018K40IAE","2013-07-29T12:51:59.000Z","a02J0000003BIeMIAW","003J000000gTIrPIAW","287","2013-02-05","",""
"a03J00000012THWIA2","false","CT-0000726","2013-07-12T09:05:47.000Z","005J00000018K40IAE","2013-07-29T12:51:59.000Z","005J00000018K40IAE","2013-07-29T12:51:59.000Z","a02J0000003BIeMIAW","003J000000gTHFPIA4","286","2013-02-05","",""
"a03J00000012SY6IAM","false","CT-0000531","2013-07-08T15:15:26.000Z","005J00000018K40IAE","2013-07-29T12:51:58.000Z","005J00000018K40IAE","2013-07-29T12:51:58.000Z","a02J0000003BIeMIAW","003J000000gTI7VIAW","91","2013-02-05","",""
"a03J00000012STQIA2","false","CT-0000441","2013-07-08T15:13:51.000Z","005J00000018K40IAE","2013-07-29T12:51:58.000Z","005J00000018K40IAE","2013-07-29T12:51:58.000Z","a02J0000003BIeMIAW","003J000000gTIEwIAO","1","2013-02-05","",""
"a03J00000012SUPIA2","false","CT-0000461","2013-07-08T15:14:09.000Z","005J00000018K40IAE","2013-07-29T12:51:58.000Z","005J00000018K40IAE","2013-07-29T12:51:58.000Z","a02J0000003BIeMIAW","003J000000gTIN7IAO","21","2013-02-05","",""
"a03J00000012SbDIAU","false","CT-0000717","2013-07-08T15:19:09.000Z","005J00000018K40IAE","2013-07-29T12:51:59.000Z","005J00000018K40IAE","2013-07-29T12:51:59.000Z","a02J0000003BIeMIAW","003J000000gTIErIAO","277","2013-02-05","",""
"a03J00000012SbiIAE","false","CT-0000716","2013-07-08T15:19:08.000Z","005J00000018K40IAE","2013-07-29T12:51:59.000Z","005J00000018K40IAE","2013-07-29T12:51:59.000Z","a02J0000003BIeMIAW","003J000000gTI2TIAW","276","2013-02-05","",""
"a03J00000012STnIAM","false","CT-0000719","2013-07-08T15:19:11.000Z","005J00000018K40IAE","2013-07-29T12:51:59.000Z","005J00000018K40IAE","2013-07-29T12:51:59.000Z","a02J0000003BIeMIAW","003J000000gTIAlIAO","279","2013-02-05","",""
"a03J00000012SV0IAM","false","CT-0000682","2013-07-08T15:18:36.000Z","005J00000018K40IAE","2013-07-29T12:51:59.000Z","005J00000018K40IAE","2013-07-29T12:51:59.000Z","a02J0000003BIgQIAW","003J000000gTIgkIAG","242","2012-09-05","",""
"a03J00000012ScjIAE","false","CT-0000702","2013-07-08T15:18:55.000Z","005J00000018K40IAE","2013-07-29T12:51:59.000Z","005J00000018K40IAE","2013-07-29T12:51:59.000Z","a02J0000003BIgQIAW","003J000000gTIP9IAO","262","2012-09-05","",""
"a03J00000012SbgIAE","false","CT-0000701","2013-07-08T15:18:54.000Z","005J00000018K40IAE","2013-07-29T12:51:59.000Z","005J00000018K40IAE","2013-07-29T12:51:59.000Z","a02J0000003BIgQIAW","003J000000gTHn8IAG","261","2012-09-05","",""
"a03J00000012SXuIAM","false","CT-0000711","2013-07-08T15:19:03.000Z","005J00000018K40IAE","2013-07-29T12:51:59.000Z","005J00000018K40IAE","2013-07-29T12:51:59.000Z","a02J0000003BIgQIAW","003J000000gTEKQIA4","271","2012-09-05","",""
"a03J00000012ScJIAU","false","CT-0000662","2013-07-08T15:18:07.000Z","005J00000018K40IAE","2013-07-29T12:51:59.000Z","005J00000018K40IAE","2013-07-29T12:51:59.000Z","a02J0000003BIgSIAW","003J000000gTHn8IAG","222","2012-06-01","",""
"a03J00000012SV2IAM","false","CT-0000467","2013-07-08T15:14:15.000Z","005J00000018K40IAE","2013-07-29T12:51:58.000Z","005J00000018K40IAE","2013-07-29T12:51:58.000Z","a02J0000003BIgTIAW","003J000000gTI0sIAG","27","2012-05-21","",""
"a03J00000012SagIAE","false","CT-0000604","2013-07-08T15:16:58.000Z","005J00000018K40IAE","2013-07-29T12:51:58.000Z","005J00000018K40IAE","2013-07-29T12:51:58.000Z","a02J0000003BIgUIAW","003J000000gTEtnIAG","164","2012-04-26","",""
"a03J00000012SaJIAU","false","CT-0000595","2013-07-08T15:16:49.000Z","005J00000018K40IAE","2013-07-29T12:51:58.000Z","005J00000018K40IAE","2013-07-29T12:51:58.000Z","a02J0000003BIeTIAW","003J000000gTHmPIAW","155","2012-03-11","",""
"a03J00000012STwIAM","false","CT-0000596","2013-07-08T15:16:50.000Z","005J00000018K40IAE","2013-07-29T12:51:58.000Z","005J00000018K40IAE","2013-07-29T12:51:58.000Z","a02J0000003BIigIAG","003J000000gTHZRIA4","156","2012-03-02","",""
"a03J00000012SVGIA2","false","CT-0000688","2013-07-08T15:18:42.000Z","005J00000018K40IAE","2013-07-29T12:51:59.000Z","005J00000018K40IAE","2013-07-29T12:51:59.000Z","a02J0000003BIjFIAW","003J000000gTIR8IAO","248","2011-10-23","",""
"a03J00000012SZiIAM","false","CT-0000578","2013-07-08T15:16:27.000Z","005J00000018K40IAE","2013-07-29T12:51:58.000Z","005J00000018K40IAE","2013-07-29T12:51:58.000Z","a02J0000003BIhZIAW","003J000000gTHFOIA4","138","2011-10-09","",""
"a03J00000012SZxIAM","false","CT-0000583","2013-07-08T15:16:32.000Z","005J00000018K40IAE","2013-07-29T12:51:58.000Z","005J00000018K40IAE","2013-07-29T12:51:58.000Z","a02J0000003BIeNIAW","003J000000gTIfVIAW","143","2011-09-26","",""
"a03J00000012SbjIAE","false","CT-0000643","2013-07-08T15:17:48.000Z","005J00000018K40IAE","2013-07-29T12:51:59.000Z","005J00000018K40IAE","2013-07-29T12:51:59.000Z","a02J0000003BIeOIAW","003J000000gTI0uIAG","203","2011-08-05","",""
"a03J00000012SdfIAE","false","CT-0000708","2013-07-08T15:19:00.000Z","005J00000018K40IAE","2013-07-29T12:51:59.000Z","005J00000018K40IAE","2013-07-29T12:51:59.000Z","a02J0000003BIeOIAW","003J000000gTIoMIAW","268","2011-08-05","",""
"a03J00000012SYvIAM","false","CT-0000598","2013-07-08T15:16:52.000Z","005J00000018K40IAE","2013-07-29T12:51:58.000Z","005J00000018K40IAE","2013-07-29T12:51:58.000Z","a02J0000003BIeOIAW","003J000000gTHmyIAG","158","2011-08-05","",""
"a03J00000012SXNIA2","false","CT-0000515","2013-07-08T15:15:11.000Z","005J00000018K40IAE","2013-07-29T12:51:58.000Z","005J00000018K40IAE","2013-07-29T12:51:58.000Z","a02J0000003BIeOIAW","003J000000gTGaOIAW","75","2011-08-05","",""
"a03J00000012SbAIAU","false","CT-0000620","2013-07-08T15:17:20.000Z","005J00000018K40IAE","2013-07-29T12:51:58.000Z","005J00000018K40IAE","2013-07-29T12:51:58.000Z","a02J0000003BIeOIAW","003J000000gTIIDIA4","180","2011-08-05","",""
"a03J00000012SXyIAM","false","CT-0000559","2013-07-08T15:16:05.000Z","005J00000018K40IAE","2013-07-29T12:51:58.000Z","005J00000018K40IAE","2013-07-29T12:51:58.000Z","a02J0000003BIiiIAG","003J000000gTGOFIA4","119","2011-03-08","",""
"a03J00000012STSIA2","false","CT-0000558","2013-07-08T15:16:04.000Z","005J00000018K40IAE","2013-07-29T12:51:58.000Z","005J00000018K40IAE","2013-07-29T12:51:58.000Z","a02J0000003BIhaIAG","003J000000gTGK5IAO","118","2011-02-04","",""
"a03J00000012SYCIA2","false","CT-0000542","2013-07-08T15:15:44.000Z","005J00000018K40IAE","2013-07-29T12:51:58.000Z","005J00000018K40IAE","2013-07-29T12:51:58.000Z","a02J0000003BIjpIAG","003J000000gTGBEIA4","102","2010-11-23","",""
"a03J00000012SXTIA2","false","CT-0000546","2013-07-08T15:15:53.000Z","005J00000018K40IAE","2013-07-29T12:51:58.000Z","005J00000018K40IAE","2013-07-29T12:51:58.000Z","a02J0000003BIhbIAG","003J000000gTHYCIA4","106","2010-11-10","",""
"a03J00000012STzIAM","false","CT-0000448","2013-07-08T15:13:57.000Z","005J00000018K40IAE","2013-07-29T12:51:58.000Z","005J00000018K40IAE","2013-07-29T12:51:58.000Z","a02J0000003BIjGIAW","003J000000gTEorIAG","8","2009-11-11","",""
"a03J00000012SVIIA2","false","CT-0000517","2013-07-08T15:15:13.000Z","005J00000018K40IAE","2013-07-29T12:51:58.000Z","005J00000018K40IAE","2013-07-29T12:51:58.000Z","a02J0000003BIjGIAW","003J000000gTHS6IAO","77","2009-11-11","",""
"a03J00000012SbBIAU","false","CT-0000622","2013-07-08T15:17:22.000Z","005J00000018K40IAE","2013-07-29T12:51:58.000Z","005J00000018K40IAE","2013-07-29T12:51:58.000Z","a02J0000003BIdCIAW","003J000000gTIsdIAG","182","2013-04-24","",""
"a03J00000012SVsIAM","false","CT-0000657","2013-07-08T15:18:02.000Z","005J00000018K40IAE","2013-07-29T12:51:59.000Z","005J00000018K40IAE","2013-07-29T12:51:59.000Z","a02J0000003BIfDIAW","003J000000gTIgkIAG","217","2012-10-23","",""
"a03J00000012SXxIAM","false","CT-0000540","2013-07-08T15:15:43.000Z","005J00000018K40IAE","2013-07-29T12:51:58.000Z","005J00000018K40IAE","2013-07-29T12:51:58.000Z","a02J0000003BIfGIAW","003J000000gTFYkIAO","100","2010-07-23","",""
"a03J00000012SXmIAM","false","CT-0000523","2013-07-08T15:15:18.000Z","005J00000018K40IAE","2013-07-29T12:51:58.000Z","005J00000018K40IAE","2013-07-29T12:51:58.000Z","a02J0000003BIfGIAW","003J000000gTFs9IAG","83","2010-07-23","",""
"a03J00000012SYQIA2","false","CT-0000541","2013-07-08T15:15:43.000Z","005J00000018K40IAE","2013-07-29T12:51:58.000Z","005J00000018K40IAE","2013-07-29T12:51:58.000Z","a02J0000003BIfGIAW","003J000000gTFthIAG","101","2010-07-23","",""
"a03J00000012STuIAM","false","CT-0000447","2013-07-08T15:13:56.000Z","005J00000018K40IAE","2013-07-29T12:51:58.000Z","005J00000018K40IAE","2013-07-29T12:51:58.000Z","a02J0000003BIe1IAG","003J000000gTIdWIAW","7","2013-03-15","",""
"a03J00000012SahIAE","false","CT-0000677","2013-07-08T15:18:25.000Z","005J00000018K40IAE","2013-07-29T12:51:59.000Z","005J00000018K40IAE","2013-07-29T12:51:59.000Z","a02J0000003BIe2IAG","003J000000gTI2dIAG","237","2012-10-15","",""
"a03J00000012STTIA2","false","CT-0000674","2013-07-08T15:18:23.000Z","005J00000018K40IAE","2013-07-29T12:51:59.000Z","005J00000018K40IAE","2013-07-29T12:51:59.000Z","a02J0000003BIe4IAG","003J000000gTHpdIAG","234","2012-09-24","",""
"a03J00000012ScwIAE","false","CT-0000690","2013-07-08T15:18:44.000Z","005J00000018K40IAE","2013-07-29T12:51:59.000Z","005J00000018K40IAE","2013-07-29T12:51:59.000Z","a02J0000003BIfeIAG","003J000000gTI0uIAG","250","2012-09-13","",""
"a03J00000012SbfIAE","false","CT-0000681","2013-07-08T15:18:35.000Z","005J00000018K40IAE","2013-07-29T12:51:59.000Z","005J00000018K40IAE","2013-07-29T12:51:59.000Z","a02J0000003BIffIAG","003J000000gTEoGIAW","241","2012-09-05","",""
"a03J00000012SWKIA2","false","CT-0000487","2013-07-08T15:14:33.000Z","005J00000018K40IAE","2013-07-29T12:51:58.000Z","005J00000018K40IAE","2013-07-29T12:51:58.000Z","a02J0000003BIfgIAG","003J000000gTIs4IAG","47","2012-08-28","",""
"a03J00000012SWRIA2","false","CT-0000680","2013-07-08T15:18:34.000Z","005J00000018K40IAE","2013-07-29T12:51:59.000Z","005J00000018K40IAE","2013-07-29T12:51:59.000Z","a02J0000003BIh4IAG","003J000000gTIE2IAO","240","2012-08-10","",""
"a03J00000012ScXIAU","false","CT-0000659","2013-07-08T15:18:04.000Z","005J00000018K40IAE","2013-07-29T12:51:59.000Z","005J00000018K40IAE","2013-07-29T12:51:59.000Z","a02J0000003BIh4IAG","003J000000gTIkRIAW","219","2012-08-10","",""
"a03J00000012Sc3IAE","false","CT-0000647","2013-07-08T15:17:52.000Z","005J00000018K40IAE","2013-07-29T12:51:59.000Z","005J00000018K40IAE","2013-07-29T12:51:59.000Z","a02J0000003BIh6IAG","003J000000gTHZRIA4","207","2012-07-23","",""
"a03J00000012SUIIA2","false","CT-0000636","2013-07-08T15:17:40.000Z","005J00000018K40IAE","2013-07-29T12:51:58.000Z","005J00000018K40IAE","2013-07-29T12:51:58.000Z","a02J0000003BIh6IAG","003J000000gTIJ5IAO","196","2012-07-23","",""
"a03J00000012SWpIAM","false","CT-0000634","2013-07-08T15:17:38.000Z","005J00000018K40IAE","2013-07-29T12:51:58.000Z","005J00000018K40IAE","2013-07-29T12:51:58.000Z","a02J0000003BIh6IAG","003J000000gTI2dIAG","194","2012-07-23","",""
"a03J00000012SY2IAM","false","CT-0000570","2013-07-08T15:16:16.000Z","005J00000018K40IAE","2013-07-29T12:51:58.000Z","005J00000018K40IAE","2013-07-29T12:51:58.000Z","a02J0000003BIh7IAG","003J000000gTHGHIA4","130","2011-09-13","",""
"a03J00000012SXXIA2","false","CT-0000518","2013-07-08T15:15:14.000Z","005J00000018K40IAE","2013-07-29T12:51:58.000Z","005J00000018K40IAE","2013-07-29T12:51:58.000Z","a02J0000003BIh8IAG","003J000000gTHEhIAO","78","2009-11-09","",""
"a03J00000012SVEIA2","false","CT-0000637","2013-07-08T15:17:43.000Z","005J00000018K40IAE","2013-07-29T12:51:58.000Z","005J00000018K40IAE","2013-07-29T12:51:58.000Z","a02J0000003BIh9IAG","003J000000gTIPpIAO","197","2012-08-10","",""
"a03J00000012SXtIAM","false","CT-0000633","2013-07-08T15:17:36.000Z","005J00000018K40IAE","2013-07-29T12:51:58.000Z","005J00000018K40IAE","2013-07-29T12:51:58.000Z","a02J0000003BIhAIAW","003J000000gTHRIIA4","193","2012-07-13","",""
"a03J00000012SYVIA2","false","CT-0000545","2013-07-08T15:15:47.000Z","005J00000018K40IAE","2013-07-29T12:51:58.000Z","005J00000018K40IAE","2013-07-29T12:51:58.000Z","a02J0000003BIhCIAW","003J000000gTGKyIAO","105","2011-10-18","",""
